audio_source_id|radio_label
1|gender3
2|gender4
3|gender3
5|gender3
6|gender3
7|gender3
8|gender3
9|gender3
10|gender3
11|gender3
14|gender4
17|gender3
18|gender4
19|gender4
20|gender2
21|gender3
22|gender3
24|gender3
25|gender1
26|gender2
27|gender2
28|gender2
29|gender3
30|gender3
31|gender3
33|gender1
34|gender3
35|gender1
37|gender3
38|gender3
39|gender2
40|gender3
41|gender3
42|gender3
43|gender3
44|gender2
45|gender2
46|gender3
48|gender4
49|gender3
51|gender3
52|gender2
53|gender2
54|gender2
57|gender3
59|gender2
60|gender4
61|gender3
62|gender3
64|gender3
65|gender2
66|gender3
67|gender3
68|gender2
69|gender3
71|gender3
73|gender3
74|gender3
75|gender3
76|gender2
77|gender3
78|gender2
79|gender3
80|gender3
82|gender3
85|gender3
87|gender3
88|gender3
93|gender3
94|gender3
95|gender3
96|gender3
97|gender3
100|gender3
108|gender3
109|gender2
110|gender3
111|gender3
112|gender3
113|gender3
115|gender3
117|gender3
118|gender4
119|gender3
122|gender3
123|gender3
124|gender3
127|gender3
128|gender3
131|gender2
132|gender3
133|gender3
136|gender3
137|gender2
138|gender3
139|gender3
140|gender3
142|gender3
143|gender3
144|gender3
145|gender3
147|gender3
148|gender3
149|gender4
151|gender3
153|gender3
157|gender3
158|gender3
159|gender3
163|gender3
164|gender3
165|gender3
166|gender2
168|gender3
171|gender3
174|gender2
175|gender4
176|gender2
179|gender2
180|gender3
181|gender3
183|gender3
184|gender4
185|gender3
186|gender2
189|gender2
190|gender2
191|gender3
192|gender2
193|gender2
194|gender4
197|gender3
199|gender3
200|gender2
202|gender3
203|gender3
205|gender4
206|gender3
207|gender3
210|gender4
212|gender3
213|gender2
214|gender3
215|gender4
216|gender3
217|gender4
218|gender3
219|gender3
221|gender3
222|gender4
224|gender3
225|gender3
227|gender3
228|gender2
229|gender3
230|gender2
231|gender2
233|gender3
234|gender3
235|gender3
236|gender4
237|gender2
238|gender3
240|gender3
241|gender3
242|gender3
243|gender3
244|gender3
245|gender3
246|gender2
249|gender2
250|gender3
251|gender3
253|gender3
254|gender3
259|gender4
260|gender2
261|gender3
262|gender3
264|gender3
265|gender2
266|gender3
267|gender3
269|gender3
270|gender2
271|gender3
272|gender2
273|gender3
274|gender3
277|gender3
278|gender3
279|gender3
280|gender3
286|gender3
288|gender3
289|gender3
294|gender3
295|gender3
296|gender3
297|gender3
300|gender3
301|gender3
304|gender3
305|gender3
306|gender3
307|gender3
308|gender3
310|gender3
312|gender3
314|gender3
316|gender3
317|gender3
320|gender4
321|gender3
322|gender2
323|gender3
324|gender3
325|gender3
326|gender4
327|gender3
328|gender3
329|gender2
330|gender3
331|gender3
332|gender3
333|gender2
336|gender3
337|gender3
338|gender4
339|gender4
341|gender3
342|gender2
344|gender1
345|gender3
347|gender4
349|gender3
351|gender2
352|gender3
353|gender3
356|gender3
357|gender2
360|gender3
361|gender3
362|gender3
363|gender3
364|gender3
368|gender3
371|gender3
373|gender2
374|gender3
375|gender2
376|gender3
377|gender3
379|gender3
380|gender3
381|gender2
383|gender3
385|gender3
386|gender3
387|gender3
388|gender3
390|gender3
391|gender3
392|gender2
395|gender4
396|gender3
398|gender3
399|gender3
400|gender3
403|gender1
405|gender3
406|gender3
408|gender1
409|gender3
410|gender3
411|gender3
412|gender3
415|gender3
417|gender2
418|gender4
420|gender3
421|gender2
424|gender3
426|gender3
429|gender3
430|gender3
431|gender3
432|gender3
436|gender3
438|gender3
440|gender3
441|gender3
442|gender3
443|gender3
447|gender3
448|gender3
449|gender3
451|gender3
452|gender3
453|gender3
454|gender3
455|gender3
458|gender2
459|gender3
460|gender3
463|gender3
464|gender3
465|gender3
466|gender3
468|gender3
469|gender3
470|gender3
471|gender3
472|gender3
473|gender4
475|gender2
476|gender3
477|gender2
478|gender3
483|gender3
486|gender3
489|gender3
490|gender3
491|gender3
492|gender3
494|gender3
495|gender3
499|gender3
504|gender3
505|gender1
506|gender3
507|gender4
508|gender3
509|gender3
510|gender3
511|gender3
512|gender3
513|gender4
514|gender3
515|gender3
518|gender3
522|gender3
524|gender3
525|gender3
526|gender3
527|gender3
528|gender2
530|gender3
531|gender2
532|gender3
533|gender3
534|gender3
536|gender3
537|gender2
540|gender2
542|gender3
543|gender2
544|gender3
545|gender3
547|gender3
549|gender3
551|gender3
553|gender2
554|gender4
555|gender3
558|gender2
560|gender3
561|gender3
562|gender2
563|gender3
567|gender2
568|gender3
569|gender3
570|gender3
571|gender3
574|gender3
575|gender3
578|gender3
579|gender3
580|gender3
581|gender3
582|gender2
583|gender4
584|gender3
586|gender3
587|gender3
589|gender3
593|gender2
595|gender3
598|gender3
599|gender3
600|gender2
601|gender2
602|gender3
603|gender3
604|gender3
606|gender2
607|gender2
609|gender3
610|gender3
611|gender3
614|gender3
616|gender3
618|gender4
619|gender3
620|gender4
621|gender3
625|gender1
626|gender3
627|gender3
628|gender3
630|gender1
634|gender3
635|gender3
636|gender3
638|gender3
639|gender3
640|gender3
641|gender3
644|gender3
645|gender4
647|gender2
648|gender3
649|gender3
650|gender3
652|gender3
653|gender3
654|gender4
657|gender4
658|gender3
659|gender2
660|gender3
661|gender3
662|gender4
663|gender2
664|gender3
665|gender2
666|gender3
667|gender3
668|gender2
670|gender2
671|gender4
674|gender3
677|gender3
678|gender3
679|gender2
680|gender2
683|gender3
685|gender3
686|gender3
687|gender4
688|gender3
689|gender3
690|gender2
691|gender2
693|gender3
695|gender3
697|gender3
698|gender3
699|gender3
700|gender3
702|gender3
704|gender3
705|gender3
706|gender2
707|gender3
709|gender3
710|gender3
712|gender2
715|gender3
717|gender3
719|gender3
723|gender3
724|gender2
725|gender3
726|gender3
728|gender3
732|gender4
734|gender3
735|gender3
736|gender4
737|gender3
738|gender3
740|gender3
741|gender2
742|gender3
744|gender3
745|gender3
746|gender3
747|gender3
748|gender2
750|gender4
751|gender3
752|gender3
754|gender3
755|gender3
756|gender3
757|gender3
758|gender3
759|gender3
760|gender1
762|gender3
765|gender3
766|gender3
767|gender3
769|gender3
771|gender3
773|gender3
774|gender3
777|gender4
780|gender3
781|gender3
783|gender2
785|gender3
786|gender3
787|gender3
788|gender3
790|gender3
792|gender3
794|gender4
795|gender4
797|gender1
798|gender3
799|gender2
800|gender2
803|gender3
804|gender2
806|gender3
807|gender3
808|gender2
811|gender4
813|gender3
815|gender3
816|gender3
817|gender3
818|gender3
820|gender3
821|gender3
827|gender2
828|gender3
830|gender3
831|gender3
832|gender3
833|gender3
834|gender3
836|gender3
838|gender4
839|gender4
841|gender2
842|gender3
843|gender3
848|gender2
849|gender3
850|gender4
852|gender2
853|gender2
856|gender3
857|gender4
858|gender4
860|gender3
862|gender3
863|gender2
867|gender3
868|gender3
870|gender3
871|gender3
872|gender4
873|gender2
874|gender3
875|gender3
877|gender3
881|gender3
883|gender3
884|gender3
885|gender3
887|gender2
888|gender2
889|gender4
892|gender2
893|gender3
895|gender3
896|gender3
897|gender2
898|gender3
899|gender2
902|gender3
903|gender2
904|gender3
908|gender3
911|gender4
912|gender3
913|gender3
914|gender3
915|gender3
917|gender4
918|gender3
919|gender3
921|gender3
922|gender3
923|gender3
925|gender3
927|gender3
928|gender3
929|gender3
932|gender3
933|gender3
934|gender3
939|gender3
940|gender3
943|gender3
945|gender3
947|gender3
950|gender2
953|gender3
956|gender3
957|gender3
962|gender3
963|gender3
965|gender3
967|gender3
968|gender4
969|gender3
971|gender3
973|gender3
975|gender4
976|gender3
981|gender1
985|gender3
987|gender3
989|gender3
990|gender2
992|gender3
993|gender3
994|gender2
996|gender2
997|gender3
998|gender3
1002|gender3
1003|gender3
1008|gender2
1010|gender2
1011|gender3
1012|gender2
1013|gender2
1014|gender3
1015|gender3
1016|gender2
1017|gender3
1020|gender3
1021|gender3
1022|gender3
1023|gender3
1024|gender2
1026|gender3
1028|gender3
1029|gender2
1030|gender2
1031|gender3
1035|gender3
1036|gender3
1037|gender3
1040|gender3
1041|gender3
1042|gender4
1044|gender3
1045|gender2
1046|gender3
1047|gender2
1049|gender3
1050|gender3
1053|gender2
1056|gender3
1058|gender3
1059|gender2
1060|gender3
1062|gender3
1065|gender3
1067|gender2
1069|gender3
1070|gender4
1071|gender3
1072|gender3
1073|gender2
1079|gender3
1081|gender3
1082|gender3
1085|gender3
1086|gender3
1087|gender3
1088|gender3
1090|gender3
1091|gender2
1092|gender3
1094|gender3
1095|gender3
1096|gender3
1098|gender3
1099|gender3
1101|gender3
1103|gender3
1105|gender3
1106|gender1
1107|gender3
1109|gender3
1110|gender2
1113|gender3
1115|gender3
1117|gender3
1119|gender3
1120|gender3
1121|gender3
1122|gender4
1124|gender4
1127|gender3
1128|gender3
1130|gender3
1131|gender3
1132|gender4
1137|gender1
1138|gender3
1139|gender3
1140|gender3
1141|gender3
1142|gender3
1144|gender1
1146|gender4
1147|gender3
1148|gender2
1149|gender3
1150|gender2
1151|gender3
1153|gender3
1155|gender4
1159|gender3
1163|gender3
1164|gender3
1165|gender3
1166|gender4
1167|gender4
1168|gender4
1169|gender3
1170|gender2
1171|gender3
1172|gender3
1177|gender3
1178|gender3
1182|gender3
1183|gender3
1184|gender3
1185|gender3
1186|gender3
1187|gender3
1190|gender2
1192|gender4
1193|gender3
1194|gender3
1195|gender4
1197|gender3
1198|gender3
1199|gender2
1201|gender3
1202|gender3
1203|gender3
1204|gender3
1205|gender2
1207|gender4
1209|gender3
1211|gender4
1212|gender3
1213|gender3
1216|gender3
1217|gender3
1219|gender4
1223|gender3
1224|gender1
1225|gender3
1226|gender3
1227|gender3
1229|gender4
1230|gender3
1232|gender2
1233|gender2
1234|gender3
1235|gender3
1236|gender2
1238|gender2
1239|gender4
1241|gender3
1242|gender2
1246|gender3
1247|gender3
1250|gender2
1251|gender3
1253|gender4
1254|gender3
1259|gender3
1260|gender3
1261|gender3
1265|gender3
1266|gender3
1268|gender3
1269|gender3
1270|gender3
1271|gender3
1272|gender3
1273|gender3
1276|gender3
1277|gender4
1278|gender2
1279|gender3
1280|gender2
1281|gender3
1282|gender3
1283|gender3
1284|gender3
1285|gender3
1287|gender2
1288|gender2
1289|gender3
1291|gender3
1292|gender3
1293|gender3
1295|gender3
1296|gender2
1297|gender3
1298|gender3
1301|gender3
1302|gender2
1303|gender3
1306|gender2
1307|gender4
1308|gender3
1309|gender3
1310|gender3
1313|gender3
1314|gender3
1315|gender3
1316|gender3
1317|gender3
1319|gender3
1321|gender3
1323|gender3
1325|gender4
1326|gender3
1327|gender2
1328|gender3
1329|gender2
1332|gender3
1333|gender3
1334|gender2
1337|gender3
1338|gender3
1341|gender3
1344|gender2
1345|gender3
1346|gender3
1347|gender3
1350|gender2
1351|gender3
1352|gender2
1353|gender3
1355|gender3
1356|gender3
1357|gender3
1358|gender3
1359|gender2
1360|gender2
1362|gender2
1363|gender3
1364|gender1
1367|gender4
1370|gender2
1371|gender3
1372|gender3
1373|gender4
1375|gender2
1376|gender1
1378|gender3
1381|gender3
1382|gender3
1385|gender3
1387|gender2
1388|gender3
1390|gender3
1391|gender3
1392|gender2
1393|gender3
1394|gender3
1396|gender3
1397|gender3
1398|gender3
1401|gender3
1403|gender3
1405|gender3
1407|gender2
1408|gender3
1411|gender3
1412|gender4
1413|gender2
1414|gender2
1415|gender3
1416|gender3
1417|gender4
1418|gender3
1419|gender3
1420|gender4
1422|gender3
1424|gender3
1425|gender3
1428|gender3
1429|gender3
1430|gender2
1431|gender2
1432|gender3
1434|gender3
1435|gender3
1436|gender3
1438|gender3
1441|gender3
1443|gender3
1445|gender3
1446|gender4
1447|gender3
1448|gender2
1449|gender3
1451|gender3
1452|gender2
1453|gender3
1454|gender4
1455|gender4
1456|gender2
1457|gender3
1458|gender3
1460|gender2
1462|gender2
1463|gender3
1464|gender3
1465|gender3
1466|gender3
1467|gender3
1468|gender3
1469|gender3
1470|gender3
1471|gender3
1472|gender3
1475|gender3
1476|gender3
1477|gender3
1480|gender3
1481|gender3
1482|gender3
1484|gender2
1488|gender3
1489|gender4
1492|gender4
1495|gender3
1496|gender2
1497|gender4
1499|gender3
1501|gender4
1502|gender4
1505|gender3
1509|gender3
1512|gender3
1514|gender4
1515|gender3
1518|gender3
1520|gender3
1521|gender3
1522|gender3
1523|gender3
1524|gender3
1525|gender3
1526|gender3
1529|gender3
1532|gender3
1533|gender2
1535|gender3
1536|gender2
1539|gender3
1540|gender2
1541|gender3
1542|gender2
1543|gender3
1544|gender3
1545|gender3
1547|gender2
1548|gender3
1550|gender4
1552|gender2
1555|gender3
1557|gender4
1558|gender3
1561|gender4
1563|gender3
1564|gender4
1565|gender3
1571|gender3
1572|gender3
1575|gender4
1577|gender3
1578|gender3
1579|gender1
1580|gender3
1581|gender3
1582|gender3
1583|gender2
1584|gender2
1587|gender3
1588|gender3
1589|gender3
1591|gender3
1592|gender4
1596|gender3
1598|gender3
1599|gender3
1602|gender3
1603|gender4
1605|gender3
1606|gender3
1607|gender2
1609|gender3
1611|gender1
1612|gender3
1613|gender2
1615|gender3
1616|gender3
1617|gender3
1618|gender2
1620|gender3
1621|gender2
1622|gender3
1623|gender3
1626|gender3
1627|gender2
1630|gender3
1631|gender3
1632|gender1
1633|gender3
1634|gender3
1635|gender4
1636|gender2
1640|gender3
1641|gender3
1642|gender3
1644|gender3
1646|gender2
1648|gender3
1650|gender3
1651|gender4
1652|gender3
1653|gender3
1655|gender2
1656|gender3
1657|gender3
1658|gender4
1659|gender3
1660|gender3
1663|gender3
1665|gender3
1666|gender3
1668|gender3
1669|gender3
1670|gender3
1671|gender3
1672|gender3
1673|gender3
1674|gender2
1675|gender2
1676|gender2
1677|gender3
1678|gender3
1680|gender3
1683|gender4
1684|gender3
1686|gender3
1687|gender2
1689|gender2
1690|gender3
1691|gender3
1692|gender4
1693|gender2
1694|gender3
1695|gender3
1700|gender2
1702|gender3
1703|gender3
1704|gender1
1707|gender2
1708|gender3
1709|gender4
1714|gender2
1715|gender3
1716|gender2
1717|gender3
1718|gender4
1720|gender2
1722|gender2
1723|gender3
1725|gender3
1727|gender3
1728|gender2
1731|gender2
1735|gender3
1736|gender3
1737|gender3
1738|gender1
1739|gender3
1740|gender3
1741|gender2
1742|gender3
1743|gender3
1744|gender2
1745|gender3
1746|gender3
1747|gender3
1750|gender3
1751|gender3
1754|gender3
1756|gender3
1757|gender3
1759|gender2
1764|gender3
1767|gender3
1768|gender3
1770|gender3
1771|gender3
1775|gender3
1777|gender2
1778|gender4
1779|gender3
1781|gender3
1782|gender3
1783|gender3
1784|gender3
1785|gender3
1786|gender4
1787|gender3
1788|gender3
1794|gender3
1795|gender3
1796|gender2
1797|gender3
1799|gender3
1801|gender4
1805|gender3
1807|gender3
1808|gender3
1811|gender2
1812|gender4
1813|gender3
1815|gender3
1816|gender3
1818|gender3
1819|gender3
1820|gender2
1822|gender3
1824|gender3
1827|gender2
1828|gender3
1829|gender2
1830|gender3
1831|gender2
1832|gender3
1833|gender3
1834|gender2
1837|gender3
1839|gender2
1840|gender3
1841|gender2
1843|gender3
1846|gender3
1847|gender4
1848|gender3
1849|gender3
1850|gender3
1851|gender1
1853|gender3
1854|gender3
1855|gender2
1857|gender2
1858|gender2
1862|gender3
1863|gender3
1864|gender2
1865|gender3
1866|gender3
1867|gender2
1868|gender3
1871|gender2
1872|gender2
1873|gender3
1874|gender4
1875|gender2
1877|gender2
1879|gender2
1880|gender3
1882|gender3
1883|gender2
1884|gender2
1885|gender2
1887|gender2
1888|gender3
1890|gender3
1892|gender2
1893|gender2
1894|gender2
1895|gender1
1897|gender4
1900|gender3
1902|gender3
1903|gender3
1904|gender3
1905|gender3
1906|gender3
1907|gender3
1908|gender3
1909|gender3
1910|gender2
1913|gender3
1914|gender3
1916|gender3
1917|gender3
1921|gender3
1922|gender3
1926|gender3
1927|gender3
1929|gender2
1930|gender3
1931|gender3
1934|gender3
1935|gender3
1936|gender3
1937|gender3
1938|gender3
1939|gender2
1941|gender3
1944|gender3
1945|gender3
1946|gender4
1949|gender2
1955|gender3
1956|gender4
1959|gender3
1960|gender3
1961|gender3
1963|gender4
1964|gender3
1967|gender3
1969|gender2
1973|gender2
1975|gender3
1977|gender1
1978|gender4
1979|gender4
1980|gender3
1981|gender2
1982|gender4
1983|gender3
1984|gender3
1987|gender2
1988|gender4
1989|gender3
1990|gender3
1993|gender3
1996|gender3
1997|gender2
1998|gender2
1999|gender3
2000|gender3
2001|gender2
2003|gender3
2004|gender3
2007|gender2
2008|gender3
2009|gender3
2010|gender3
2012|gender3
2013|gender3
2016|gender3
2017|gender3
2019|gender2
2020|gender3
2021|gender3
2022|gender3
2023|gender2
2025|gender3
2026|gender2
2027|gender3
2028|gender3
2029|gender2
2030|gender3
2031|gender3
2032|gender3
2033|gender3
2034|gender3
2035|gender3
2036|gender2
2038|gender2
2039|gender3
2041|gender3
2043|gender4
2045|gender3
2046|gender3
2049|gender3
2050|gender3
2052|gender3
2053|gender2
2054|gender2
2055|gender2
2056|gender3
2058|gender2
2059|gender3
2060|gender3
2061|gender3
2064|gender3
2065|gender4
2066|gender3
2067|gender3
2068|gender3
2069|gender2
2070|gender2
2073|gender3
2074|gender3
2076|gender3
2077|gender3
2078|gender2
2079|gender3
2082|gender3
2083|gender4
2084|gender3
2085|gender3
2088|gender4
2090|gender4
2094|gender3
2099|gender3
2100|gender3
2101|gender3
2103|gender3
2104|gender3
2105|gender2
2106|gender3
2113|gender3
2114|gender3
2115|gender3
2118|gender3
2120|gender3
2123|gender3
2124|gender3
2125|gender3
2126|gender2
2127|gender3
2128|gender3
2129|gender3
2131|gender3
2132|gender3
2133|gender3
2134|gender3
2135|gender3
2136|gender3
2138|gender2
2139|gender3
2141|gender3
2143|gender3
2145|gender3
2146|gender3
2148|gender3
2149|gender3
2150|gender3
2151|gender3
2152|gender3
2153|gender3
2154|gender3
2156|gender3
2157|gender3
2160|gender3
2162|gender3
2163|gender4
2165|gender3
2166|gender3
2167|gender2
2168|gender2
2170|gender3
2173|gender3
2174|gender2
2175|gender3
2176|gender3
2177|gender2
2178|gender4
2182|gender4
2183|gender3
2184|gender4
2185|gender3
2186|gender2
2187|gender2
2189|gender3
2190|gender3
2194|gender2
2197|gender3
2198|gender3
2200|gender3
2201|gender3
2203|gender4
2204|gender4
2208|gender3
2209|gender3
2212|gender3
2213|gender4
2214|gender3
2215|gender3
2216|gender3
2217|gender2
2220|gender3
2222|gender3
2223|gender3
2224|gender3
2225|gender3
2226|gender3
2228|gender3
2231|gender2
2232|gender2
2233|gender2
2236|gender2
2237|gender3
2239|gender3
2240|gender3
2243|gender4
2244|gender3
2247|gender3
2253|gender3
2256|gender3
2259|gender3
2261|gender3
2265|gender2
2269|gender2
2271|gender3
2273|gender3
2274|gender3
2275|gender3
2277|gender2
2279|gender3
2280|gender3
2282|gender3
2283|gender3
2285|gender3
2287|gender3
2288|gender4
2289|gender3
2290|gender3
2292|gender3
2293|gender3
2295|gender3
2296|gender3
2297|gender3
2298|gender2
2300|gender3
2305|gender3
2306|gender2
2307|gender3
2308|gender3
2309|gender4
2310|gender3
2311|gender3
2313|gender3
2314|gender3
2315|gender3
2316|gender3
2318|gender3
2322|gender2
2323|gender2
2324|gender2
2325|gender2
2326|gender3
2327|gender3
2328|gender3
2330|gender3
2336|gender3
2337|gender3
2338|gender3
2340|gender4
2344|gender3
2346|gender3
2347|gender3
2354|gender4
2356|gender1
2357|gender3
2358|gender2
2361|gender3
2364|gender3
2365|gender3
2367|gender3
2369|gender3
2370|gender2
2371|gender3
2372|gender3
2373|gender3
2376|gender3
2379|gender3
2380|gender3
2382|gender4
2386|gender4
2387|gender4
2389|gender4
2391|gender3
2393|gender3
2395|gender3
2398|gender3
2401|gender3
2402|gender3
2403|gender3
2405|gender3
2407|gender3
2411|gender3
2412|gender3
2417|gender3
2419|gender3
2421|gender3
2422|gender3
2426|gender3
2429|gender3
2433|gender3
2434|gender3
2435|gender3
2438|gender1
2441|gender3
2442|gender3
2444|gender3
2445|gender4
2446|gender3
2447|gender3
2450|gender2
2453|gender2
2455|gender3
2458|gender3
2459|gender2
2460|gender2
2464|gender3
2466|gender3
2467|gender3
2470|gender2
2471|gender3
2472|gender2
2473|gender3
2474|gender3
2477|gender3
2479|gender3
2485|gender3
2488|gender3
2491|gender3
2494|gender4
2495|gender4
2497|gender4
2498|gender3
2502|gender3
2507|gender2
2510|gender3
2511|gender2
2512|gender3
2513|gender3
2514|gender3
2515|gender3
2516|gender3
2518|gender3
2520|gender3
2525|gender3
2526|gender3
2527|gender4
2529|gender3
2530|gender3
2532|gender3
2534|gender3
2539|gender3
2540|gender3
2541|gender3
2543|gender3
2544|gender3
2551|gender3
2553|gender3
2554|gender3
2555|gender3
2557|gender3
2559|gender3
2560|gender3
2562|gender2
2563|gender3
2565|gender3
2568|gender3
2569|gender2
2570|gender3
2572|gender3
2574|gender4
2575|gender3
2578|gender3
2579|gender3
2580|gender3
2583|gender3
2584|gender3
2585|gender3
2586|gender4
2587|gender3
2589|gender3
2590|gender4
2591|gender3
2592|gender2
2593|gender4
2594|gender2
2596|gender2
2601|gender3
2602|gender4
2603|gender3
2605|gender2
2607|gender3
2608|gender2
2611|gender3
2614|gender3
2617|gender3
2618|gender3
2619|gender3
2621|gender3
2622|gender3
2624|gender3
2625|gender3
2626|gender3
2627|gender3
2629|gender3
2632|gender3
2633|gender4
2636|gender2
2640|gender2
2641|gender3
2643|gender3
2644|gender3
2645|gender3
2648|gender3
2652|gender2
2655|gender2
2656|gender2
2657|gender2
2659|gender3
2660|gender2
2662|gender3
2663|gender3
2666|gender3
2667|gender4
2669|gender3
2670|gender3
2672|gender2
2673|gender2
2675|gender3
2681|gender2
2686|gender4
2689|gender3
2690|gender2
2691|gender4
2693|gender3
2695|gender4
2696|gender3
2698|gender3
2699|gender3
2703|gender3
2706|gender3
2709|gender3
2711|gender3
2712|gender3
2713|gender3
2716|gender3
2717|gender3
2718|gender3
2721|gender3
2724|gender2
2726|gender3
2727|gender3
2728|gender3
2729|gender2
2731|gender3
2732|gender3
2733|gender3
2734|gender3
2735|gender3
2736|gender2
2737|gender3
2740|gender3
2741|gender3
2742|gender3
2743|gender3
2746|gender3
2747|gender3
2748|gender3
2749|gender4
2750|gender4
2751|gender3
2752|gender3
2753|gender3
2754|gender3
2755|gender3
2756|gender3
2757|gender3
2758|gender3
2759|gender3
2761|gender3
2762|gender3
2765|gender4
2766|gender3
2767|gender3
2773|gender3
2774|gender3
2775|gender3
2780|gender1
2781|gender1
2784|gender3
2785|gender3
2787|gender3
2788|gender4
2790|gender4
2792|gender3
2794|gender3
2795|gender3
2796|gender3
2797|gender3
2798|gender3
2800|gender3
2801|gender3
2803|gender3
2804|gender3
2806|gender3
2809|gender3
2810|gender2
2812|gender3
2813|gender4
2814|gender3
2818|gender3
2819|gender3
2820|gender3
2821|gender3
2822|gender3
2823|gender3
2825|gender2
2828|gender3
2829|gender3
2832|gender3
2833|gender3
2835|gender3
2836|gender3
2837|gender2
2838|gender3
2840|gender2
2845|gender3
2846|gender3
2849|gender3
2853|gender3
2854|gender3
2856|gender3
2857|gender3
2860|gender2
2862|gender3
2864|gender3
2865|gender4
2866|gender3
2867|gender3
2868|gender3
2870|gender3
2873|gender3
2874|gender2
2875|gender3
2876|gender3
2880|gender2
2881|gender3
2882|gender3
2883|gender4
2884|gender3
2886|gender2
2887|gender3
2890|gender3
2891|gender3
2892|gender3
2894|gender2
2895|gender2
2896|gender2
2898|gender3
2899|gender3
2900|gender3
2902|gender2
2903|gender3
2906|gender3
2907|gender2
2908|gender2
2909|gender3
2910|gender3
2911|gender3
2912|gender3
2913|gender3
2914|gender3
2917|gender2
2918|gender3
2923|gender2
2924|gender3
2925|gender2
2926|gender3
2927|gender3
2930|gender3
2933|gender3
2937|gender3
2939|gender3
2940|gender3
2941|gender1
2942|gender2
2944|gender3
2945|gender2
2946|gender3
2947|gender3
2948|gender3
2949|gender3
2952|gender3
2953|gender3
2954|gender3
2957|gender3
2958|gender3
2965|gender3
2966|gender2
2967|gender3
2968|gender3
2970|gender2
2971|gender2
2972|gender2
2973|gender3
2974|gender2
2975|gender2
2977|gender3
2978|gender3
2979|gender3
2980|gender4
2981|gender3
2983|gender3
2984|gender2
2985|gender3
2986|gender2
2987|gender3
2988|gender3
2990|gender3
2991|gender3
2992|gender3
2994|gender2
2995|gender3
2997|gender3
2998|gender2
2999|gender3
3000|gender3
3001|gender2
3003|gender3
3005|gender3
3008|gender4
3009|gender1
3010|gender3
3011|gender3
3013|gender3
3014|gender2
3015|gender3
3020|gender3
3021|gender3
3023|gender4
3024|gender3
3025|gender4
3028|gender3
3029|gender3
3031|gender2
3033|gender2
3035|gender3
3036|gender3
3038|gender3
3042|gender3
3043|gender3
3046|gender3
3048|gender2
3049|gender1
3050|gender3
3051|gender3
3052|gender3
3053|gender4
3055|gender4
3058|gender4
3061|gender3
3063|gender3
3065|gender3
3067|gender3
3068|gender3
3070|gender4
3073|gender3
3076|gender3
3078|gender3
3079|gender3
3080|gender3
3081|gender3
3083|gender2
3085|gender3
3086|gender2
3087|gender2
3089|gender4
3092|gender3
3095|gender2
3096|gender3
3097|gender3
3098|gender3
3099|gender3
3101|gender3
3103|gender2
3105|gender4
3106|gender3
3107|gender2
3110|gender3
3111|gender4
3112|gender3
3114|gender3
3115|gender3
3117|gender3
3118|gender3
3119|gender3
3120|gender3
3124|gender3
3125|gender3
3128|gender4
3130|gender2
3131|gender3
3132|gender3
3137|gender3
3139|gender4
3140|gender3
3142|gender3
3143|gender3
3144|gender3
3145|gender3
3146|gender3
3147|gender3
3148|gender3
3149|gender3
3152|gender4
3154|gender2
3155|gender2
3157|gender3
3158|gender4
3161|gender2
3162|gender4
3163|gender3
3164|gender3
3165|gender3
3167|gender2
3169|gender3
3172|gender3
3173|gender3
3175|gender3
3176|gender4
3177|gender3
3178|gender2
3179|gender3
3180|gender2
3181|gender3
3183|gender3
3184|gender3
3185|gender3
3186|gender3
3187|gender3
3192|gender3
3198|gender3
3202|gender3
3203|gender3
3223|gender3
3267|gender3
3269|gender3
3273|gender3
3274|gender3
3277|gender3
3280|gender2
3283|gender3
3284|gender2
3285|gender2
3286|gender3
3287|gender2
3288|gender3
3289|gender2
3290|gender3
3293|gender2
3295|gender3
3296|gender3
3297|gender4
3298|gender4
3299|gender4
3301|gender4
3303|gender3
3304|gender3
3305|gender3
3306|gender3
3307|gender3
3308|gender3
3309|gender3
3310|gender3
3313|gender3
3314|gender2
3315|gender3
3316|gender4
3317|gender4
3319|gender3
3320|gender3
3323|gender3
3324|gender3
3325|gender2
3326|gender3
3327|gender2
3328|gender3
3330|gender2
3331|gender3
3332|gender3
3333|gender3
3335|gender3
3336|gender4
3337|gender2
3338|gender3
3339|gender2
3340|gender3
3341|gender3
3345|gender3
3346|gender3
3347|gender3
3348|gender3
3349|gender2
3350|gender3
3351|gender3
3353|gender3
3354|gender3
3357|gender3
3358|gender3
3360|gender2
3361|gender3
3362|gender3
3363|gender3
3364|gender3
3365|gender2
3366|gender3
3367|gender2
3369|gender4
3372|gender3
3379|gender2
3380|gender3
3381|gender2
3382|gender3
3383|gender2
3384|gender3
3386|gender3
3387|gender3
3388|gender3
3389|gender3
3390|gender3
3391|gender2
3393|gender3
3395|gender3
3396|gender3
3397|gender3
3398|gender3
3399|gender3
3400|gender3
3401|gender3
3402|gender3
3403|gender3
3404|gender3
3405|gender2
3407|gender3
3408|gender3
3411|gender3
3413|gender3
3414|gender2
3415|gender2
3416|gender3
3417|gender2
3419|gender4
3421|gender4
3422|gender3
3423|gender3
3424|gender2
3425|gender3
3426|gender3
3428|gender3
3429|gender3
3431|gender2
3433|gender3
3434|gender4
3436|gender3
3437|gender3
3438|gender3
3439|gender3
3440|gender3
3441|gender3
3443|gender3
3444|gender3
3445|gender3
3446|gender4
3447|gender4
3448|gender4
3449|gender2
3451|gender2
3452|gender3
3453|gender3
3454|gender3
3456|gender2
3457|gender1
3458|gender3
3459|gender3
3461|gender3
3462|gender3
3463|gender3
3465|gender3
3466|gender3
3467|gender3
3468|gender3
3469|gender3
3471|gender3
3472|gender3
3473|gender3
3474|gender3
3475|gender4
3478|gender3
3481|gender3
3482|gender3
3483|gender3
3484|gender3
3487|gender4
3488|gender3
3490|gender3
3491|gender3
3492|gender2
3494|gender3
3495|gender3
3496|gender3
3497|gender3
3498|gender3
3501|gender4
3502|gender2
3503|gender3
3504|gender3
3505|gender3
3506|gender3
3507|gender2
3508|gender3
3509|gender2
3510|gender2
3511|gender3
3512|gender2
3514|gender3
3516|gender2
3517|gender3
3518|gender3
3519|gender3
3520|gender3
3521|gender2
3522|gender2
3523|gender3
3524|gender2
3525|gender3
3527|gender2
3528|gender3
3529|gender3
3530|gender3
3531|gender4
3533|gender3
3534|gender3
3535|gender3
3536|gender3
3537|gender3
3538|gender3
3539|gender3
3541|gender3
3543|gender3
3544|gender3
3545|gender3
3546|gender2
3547|gender2
3549|gender3
3550|gender3
3551|gender2
3552|gender3
3553|gender3
3554|gender3
3555|gender2
3556|gender3
3557|gender3
3559|gender3
3560|gender3
3562|gender3
3563|gender3
3565|gender3
3567|gender2
3568|gender3
3569|gender3
3570|gender3
3571|gender3
3572|gender3
3573|gender3
3574|gender3
3575|gender3
3577|gender2
3578|gender2
3579|gender3
3580|gender2
3582|gender3
3583|gender2
3584|gender4
3585|gender3
3587|gender3
3592|gender4
3593|gender3
3595|gender3
3596|gender3
3597|gender3
3598|gender3
3599|gender3
3600|gender3
3602|gender3
3604|gender2
3605|gender3
3606|gender3
3607|gender3
3608|gender3
3609|gender3
3610|gender3
3611|gender3
3612|gender3
3613|gender3
3614|gender3
3615|gender3
3616|gender3
3617|gender3
3619|gender3
3620|gender3
3622|gender3
3623|gender2
3624|gender3
3626|gender1
3628|gender3
3629|gender3
3630|gender3
3631|gender3
3632|gender3
3633|gender3
3634|gender3
3635|gender3
3636|gender3
3637|gender3
3638|gender3
3639|gender3
3641|gender3
3642|gender3
3643|gender3
3644|gender2
3645|gender3
3646|gender3
3649|gender4
3650|gender3
3651|gender3
3652|gender3
3653|gender2
3655|gender3
3657|gender3
3658|gender4
3659|gender2
3660|gender3
3661|gender3
3662|gender3
3664|gender3
3665|gender3
3666|gender3
3667|gender3
3668|gender3
3671|gender3
3672|gender3
3673|gender2
3674|gender3
3675|gender3
3676|gender3
3679|gender3
3680|gender3
3681|gender2
3682|gender3
3683|gender3
3689|gender2
3691|gender3
3693|gender3
3694|gender3
3696|gender3
3697|gender3
3698|gender3
3699|gender2
3700|gender3
3701|gender3
3702|gender3
3704|gender3
3705|gender3
3706|gender3
3707|unknown
3708|gender3
3709|gender3
3711|gender3
3713|gender3
3714|gender3
3715|gender3
3716|gender3
3718|gender3
3719|gender2
3720|gender4
3721|gender3
3722|gender3
3723|gender2
3724|gender2
3726|gender3
3727|gender3
3728|gender3
3729|gender3
3731|gender3
3732|gender3
3733|gender3
3734|gender3
3735|gender3
3737|gender3
3738|gender3
3739|gender2
3740|gender3
3741|gender4
3742|gender3
3743|gender3
3744|gender3
3745|gender4
3747|gender3
3748|gender3
3750|gender2
3751|gender1
3752|gender1
3753|gender3
3754|gender1
3755|gender3
3756|gender3
3757|gender3
3758|gender1
3760|gender2
3761|gender1
3762|gender2
3763|gender3
3764|gender3
3766|gender3
3767|gender1
3768|gender3
3769|gender3
3770|gender3
3771|gender1
3772|gender3
3773|gender4
3774|gender2
3776|gender3
3777|gender2
3778|gender3
3779|gender3
3780|gender3
3781|gender3
3782|gender3
3783|gender3
3786|gender2
3787|gender3
3788|gender3
3790|gender3
3791|gender4
3792|gender3
3793|gender4
3796|gender3
3797|gender3
3798|gender3
3800|gender3
3801|gender3
3802|gender3
3803|gender3
3804|gender3
3805|gender3
3806|gender3
3807|gender3
3809|gender3
3811|gender3
3812|gender3
3813|gender2
3814|gender3
3816|gender3
3818|gender4
3819|gender3
3820|gender3
3821|gender3
3822|gender3
3823|gender3
3826|gender3
3827|gender3
3828|gender3
3829|gender3
3830|gender3
3831|gender2
3832|gender3
3834|gender2
3835|gender3
3836|gender3
3837|gender2
3838|gender3
3841|gender3
3842|gender3
3843|gender3
3844|gender3
3845|gender3
3846|gender3
3847|gender3
3848|gender3
3849|gender3
3850|gender2
3852|gender3
3853|gender3
3855|gender3
3856|gender3
3857|gender3
3862|gender3
3863|gender3
3865|gender3
3866|gender3
3867|gender3
3868|gender3
3869|gender3
3870|gender3
3871|gender3
3873|gender3
3874|gender3
3875|gender3
3876|gender3
3877|gender3
3879|gender3
3880|gender3
3882|gender3
3883|gender3
3885|gender3
3886|gender3
3887|gender4
3888|gender3
3889|gender3
3890|gender2
3891|gender3
3892|gender3
3894|gender3
3896|gender3
3899|gender2
3900|gender2
3902|gender3
3904|gender3
3906|gender3
3908|gender3
3909|gender3
3910|gender3
3912|gender2
3913|gender4
3915|gender3
3918|gender3
3919|gender3
3920|gender3
3921|gender3
3923|gender3
3924|gender3
3925|gender3
3926|gender3
3927|gender2
3928|gender3
3929|gender4
3931|gender2
3932|gender3
3933|gender3
3935|gender2
3936|gender3
3938|gender3
3940|gender2
3941|gender3
3942|gender2
3943|gender3
3945|gender3
3946|gender3
3947|gender3
3948|gender3
3951|gender4
3953|gender3
3954|gender3
3955|gender3
3956|gender3
3957|gender3
3958|gender3
3959|gender2
3960|gender3
3961|gender3
3962|gender3
3963|gender3
3964|gender3
3966|gender3
3967|gender3
3968|gender3
3969|gender3
3970|gender3
3972|gender3
3973|gender3
3974|gender3
3975|gender3
3976|gender3
3977|gender3
3978|gender3
3980|gender2
3981|gender2
3983|gender2
3984|gender2
3985|gender3
3986|gender2
3987|gender3
3989|gender3
3992|gender2
3993|gender4
3996|gender2
3998|gender2
3999|gender3
4000|gender2
4001|gender2
4002|gender3
4003|gender3
4004|gender3
4005|gender3
4008|gender3
4009|gender3
4010|gender3
4011|gender3
4014|gender3
4016|gender3
4019|gender3
4020|gender2
4021|gender3
4022|gender3
4025|gender3
4026|gender3
4030|gender3
4031|gender4
4032|gender3
4033|gender3
4034|gender3
4035|gender3
4036|gender2
4037|gender3
4038|gender3
4039|gender2
4040|gender3
4043|gender3
4045|gender3
4046|gender3
4048|gender1
4049|gender3
4050|gender3
4051|gender2
4052|gender3
4053|gender3
4054|gender3
4056|gender3
4057|gender3
4058|gender3
4059|gender3
4060|gender4
4061|gender3
4062|gender3
4063|gender3
4064|gender3
4066|gender3
4067|gender3
4068|gender3
4069|gender2
4070|gender3
4071|gender3
4072|gender3
4073|gender3
4074|gender3
4076|gender3
4077|gender3
4078|gender3
4079|gender2
4080|gender3
4081|gender3
4082|gender4
4083|gender3
4084|gender3
4085|gender3
4086|gender3
4087|gender2
4088|gender3
4089|gender2
4091|gender3
4092|gender3
4093|gender3
4094|gender3
4096|gender3
4097|gender2
4099|gender3
4100|gender3
4101|gender3
4102|gender3
4105|gender3
4106|gender2
4107|gender2
4108|gender2
4110|gender3
4111|gender2
4114|gender3
4115|gender3
4117|gender2
4118|gender3
4119|gender3
4120|gender2
4123|gender3
4124|gender3
4126|gender3
4127|gender3
4128|gender2
4129|gender3
4130|gender3
4131|gender3
4132|gender3
4133|gender3
4134|gender2
4135|gender3
4136|gender3
4137|gender3
4138|gender3
4140|gender3
4141|gender3
4142|gender2
4145|gender3
4147|gender3
4152|gender3
4153|gender3
4155|gender3
4156|gender2
4157|gender3
4158|gender3
4159|gender3
4160|gender3
4161|gender3
4162|gender3
4163|gender3
4164|gender2
4165|gender2
4166|gender3
4167|gender3
4168|gender2
4170|gender3
4171|gender3
4172|gender3
4173|gender3
4177|gender2
4178|gender3
4180|gender1
4182|gender3
4184|gender3
4185|gender3
4187|gender3
4189|gender3
4191|gender3
4192|gender3
4193|gender3
4194|gender3
4195|gender3
4197|gender3
4198|gender3
4199|gender3
4200|gender3
4201|gender3
4202|gender3
4203|gender3
4204|gender2
4207|gender3
4208|gender3
4209|gender3
4210|gender3
4213|gender3
4214|gender3
4216|gender3
4218|gender3
4219|gender2
4220|gender3
4221|gender3
4223|gender2
4225|gender3
4226|gender4
4228|gender3
4229|gender3
4230|gender3
4231|gender2
4232|gender3
4234|gender3
4235|gender4
4236|gender3
4237|gender3
4238|gender3
4239|gender2
4240|gender3
4242|gender3
4244|gender3
4245|gender3
4246|gender3
4247|gender3
4249|gender3
4253|gender3
4256|gender3
4259|gender3
4260|gender3
4262|gender3
4263|gender2
4267|gender2
4268|gender3
4269|gender3
4274|gender3
4275|gender4
4278|gender3
4280|gender3
4281|gender3
4282|gender3
4283|gender2
4285|gender4
4287|gender3
4288|gender3
4289|gender4
4290|gender3
4291|gender3
4292|gender2
4295|gender3
4297|gender3
4298|gender3
4299|gender3
4300|gender3
4301|gender3
4303|gender3
4304|gender2
4305|gender3
4307|gender2
4308|gender3
4309|gender3
4310|gender3
4311|gender1
4313|gender3
4314|gender3
4316|gender3
4317|gender3
4318|gender2
4319|gender4
4320|gender2
4321|gender2
4322|gender3
4323|gender3
4324|gender3
4325|gender3
4326|gender2
4328|gender3
4329|gender3
4331|gender3
4332|gender2
4334|gender2
4335|gender3
4336|gender2
4337|gender2
4340|gender2
4342|gender3
4343|gender3
4344|gender3
4345|gender3
4347|gender2
4348|gender3
4349|gender3
4350|gender3
4351|gender3
4352|gender3
4354|gender3
4355|gender3
4358|gender3
4359|gender2
4360|gender3
4363|gender3
4364|gender3
4365|gender3
4366|gender3
4367|gender3
4369|gender3
4371|gender2
4382|gender3
4383|gender3
4385|gender2
4387|gender3
4388|gender2
4389|gender3
4406|gender2
4429|gender3
4443|gender3
4498|gender3
4635|gender2
4645|gender3
4723|gender3
4734|gender3
4738|gender3
4759|gender3
4762|gender3
4763|gender2
4764|gender3
4766|gender3
4783|gender2
4784|gender3
4787|gender3
4810|gender3
4872|gender3
4886|gender2
4902|gender4
4925|gender3
4929|gender3
4942|gender3
4945|gender2
4979|gender3
5003|gender3
5028|gender3
5051|gender3
5087|gender3
5111|gender4
5116|gender2
5135|gender2
5145|gender3
5161|gender3
5183|gender3
5192|gender3
5214|gender3
5231|gender3
5294|gender3
5295|gender3
5297|gender2
5298|gender3
5299|gender3
5300|gender3
5301|gender3
5302|gender3
5303|gender3
5304|gender2
5305|gender3
5306|gender3
5308|gender3
5309|gender3
5310|gender3
5311|gender3
5314|gender3
5331|gender3
5342|gender3
5344|gender3
5346|gender2
5353|gender3
5363|gender2
5367|gender3
5368|gender3
5380|gender3
5382|gender3
5390|gender2
5391|gender3
5401|gender2
5406|gender3
5408|gender3
5412|gender3
5427|gender2
5436|gender3
5437|gender3
5438|gender3
5439|gender2
5440|gender3
5441|gender3
5446|gender3
5458|gender3
5460|gender3
5463|gender3
5465|gender3
5474|gender3
5476|gender3
5478|gender3
5479|gender2
5484|gender3
5487|gender3
5498|gender3
5503|gender3
5504|gender3
5510|gender3
5511|gender3
5512|gender3
5513|gender3
5516|gender3
5517|gender3
5518|gender3
5519|gender3
5521|gender3
5533|gender3
5545|gender3
5549|gender3
5551|gender3
5553|gender3
5555|gender3
5566|gender1
5568|gender3
5575|gender2
5580|gender3
5587|gender3
5604|gender3
5605|gender3
5607|gender3
5610|gender2
5614|gender3
5624|gender3
5626|gender2
5642|gender3
5643|gender2
5646|gender3
5647|gender3
5670|gender3
5671|gender3
5672|gender3
5677|gender2
5678|gender3
5679|gender3
5680|gender3
5692|gender3
5694|gender3
5695|gender3
5696|gender2
5726|gender3
5727|gender3
5738|gender3
5740|gender3
5741|gender3
5756|gender3
5757|gender1
5759|gender3
5766|gender3
5767|gender3
5785|gender3
5792|gender4
5793|gender3
5794|gender1
5799|gender3
5801|gender3
5803|gender3
5805|gender3
5807|gender3
5815|gender3
5837|gender3
5838|gender3
5843|gender3
5850|gender3
5851|gender3
5852|gender4
5865|gender2
5869|gender3
5871|gender3
5872|gender3
5889|gender3
5890|gender3
5894|gender2
5896|gender4
5897|gender2
5898|gender3
5899|gender3
5902|gender3
5909|gender3
5910|gender3
5917|gender3
5918|gender3
5919|gender3
5923|gender2
5938|gender1
5947|gender2
5969|gender3
5970|gender3
5971|gender2
5972|gender3
5983|gender2
5985|gender3
5986|gender3
5987|gender3
5988|gender3
6001|gender2
6016|gender2
6022|gender3
6024|gender3
6046|gender3
6061|gender2
6070|gender3
6074|gender3
6075|gender3
6085|gender3
6091|gender1
6092|gender3
6093|gender2
6094|gender2
6099|gender3
6100|gender3
6101|gender3
6113|gender3
6115|gender3
6119|gender3
6122|gender3
6139|gender3
6155|gender3
6172|gender3
6173|gender3
6202|gender3
6203|gender3
6242|gender3
6251|gender3
6255|gender3
6266|gender3
6270|gender3
6296|gender4
6298|gender3
6301|gender3
6305|gender3
6314|gender3
6318|gender2
6319|gender3
6325|gender3
6326|gender3
6330|gender2
6359|gender3
6373|gender3
6377|gender3
6382|gender3
6386|gender3
6395|gender3
6415|gender3
6435|gender4
6438|gender3
6450|gender3
6451|gender3
6456|gender2
6460|gender3
6461|gender3
6462|gender3
6463|gender3
6466|gender3
6501|gender3
6512|gender3
6533|gender2
6535|gender3
6542|gender2
6548|gender3
6559|gender3
6564|gender3
6565|gender3
6587|gender3
6598|gender3
6627|gender3
6628|gender3
6633|gender3
6637|gender3
6644|gender3
6647|gender3
6649|gender3
6651|gender4
6667|gender3
6668|gender3
6670|gender3
6672|gender3
6701|gender3
6716|gender3
6717|gender3
6730|gender3
6731|gender3
6734|gender3
6751|gender3
6761|gender3
6787|gender3
6793|gender3
6828|gender3
6829|gender3
6833|gender3
6852|gender3
6853|gender3
6868|gender3
6871|gender3
6895|gender3
6902|gender3
6903|gender3
6904|gender3
6921|gender2
6922|gender3
6925|gender3
6931|gender3
6944|gender3
6945|gender3
6947|gender3
6949|gender3
6950|gender3
6971|gender3
6972|gender3
6974|gender3
6975|gender3
6977|gender3
6984|gender3
6994|gender3
6999|gender3
7012|gender3
7015|gender2
7016|gender3
7017|gender1
7018|gender3
7019|gender3
7021|gender3
7022|gender2
7024|gender3
7025|gender3
7026|gender3
7035|gender3
7049|gender3
7050|gender3
7051|gender3
7052|gender3
7059|gender3
7060|gender3
7065|gender4
7066|gender3
7067|gender3
7069|gender4
7072|gender2
7073|gender3
7074|gender3
7075|gender3
7076|gender2
7077|gender3
7087|gender3
7088|gender3
7098|gender3
7125|gender3
7128|gender3
7129|gender3
7132|gender3
7135|gender3
7136|gender3
7137|gender2
7139|gender3
7140|gender3
7144|gender2
7155|gender3
7157|gender3
7158|gender4
7160|gender3
7161|gender3
7163|gender3
7164|gender2
7165|gender3
7166|gender3
7167|gender3
7170|gender3
7208|gender3
7251|gender3
7252|gender2
7254|gender3
7255|gender3
7256|gender2
7276|gender4
7277|gender3
7290|gender3
7291|gender3
7292|gender3
7319|gender3
7321|gender3
7345|gender3
7346|gender3
7372|gender3
7406|gender3
7421|gender2
7424|gender3
7426|gender3
7427|gender3
7433|gender3
7443|gender3
7447|gender3
7482|gender2
7483|gender3
7501|gender3
7504|gender3
7529|gender3
7542|gender3
7556|gender3
7562|gender3
7564|gender3
7584|gender2
7599|gender2
7633|gender3
7640|gender3
7652|gender3
7654|gender2
7656|gender3
7667|gender3
7675|gender2
7683|gender3
7685|gender3
7692|gender3
7698|gender3
7716|gender3
7722|gender3
7725|gender3
7726|gender3
7743|gender2
7744|gender3
7751|gender2
7753|gender3
7756|gender1
7767|gender3
7768|gender2
7769|gender2
7771|gender3
7775|gender3
7788|gender2
7791|gender3
7814|gender3
7816|gender3
7820|gender3
7828|gender2
7833|gender3
7834|gender3
7847|gender3
7848|gender4
7849|gender4
7851|gender3
7859|gender3
7874|gender4
7878|gender2
7884|gender2
7886|gender2
7887|gender2
7889|gender3
7891|gender3
7894|gender3
7901|gender3
7904|gender3
7905|gender3
7908|gender3
7910|gender3
7911|gender3
7916|gender3
7919|gender3
7920|gender3
7921|gender3
7927|gender3
7938|gender3
7941|gender4
7945|gender2
7949|gender2
7951|gender2
7953|gender3
7956|gender3
7965|gender3
7968|gender3
7969|gender3
7970|gender3
7973|gender3
7975|gender3
7981|gender3
7986|gender3
7990|gender3
7994|gender2
7996|gender3
7999|gender2
8003|gender2
8004|gender3
8007|gender3
8009|gender4
8010|gender2
8022|gender4
8023|gender3
8027|gender2
8029|gender3
8031|gender2
8033|gender2
8037|gender2
8049|gender3
8053|gender3
8054|gender3
8055|gender3
8056|gender3
8057|gender3
8062|gender3
8073|gender2
8075|gender1
8094|gender3
8099|gender3
8134|gender3
8135|gender3
8142|gender3
8148|gender3
8151|gender3
8154|gender2
8163|gender3
8176|gender3
8177|gender2
8179|gender4
8181|gender3
8187|gender4
8190|gender3
8191|gender2
8192|gender3
8200|gender3
8201|gender3
8210|gender3
8213|gender3
8223|gender3
8227|gender3
8233|gender3
8234|gender3
8237|gender3
8248|gender3
8255|gender3
8256|gender3
8257|gender3
8258|gender3
8265|gender3
8268|gender2
8269|gender3
8271|gender3
8277|gender3
8282|gender2
8286|gender2
8287|gender3
8289|gender3
8292|gender3
8295|gender2
8326|gender3
8329|gender2
8344|gender3
8347|gender2
8369|gender3
8373|gender2
8377|gender3
8385|gender3
8388|gender2
8395|gender3
8401|gender3
8402|gender3
8403|gender3
8406|gender3
8410|gender3
8415|gender3
8417|gender3
8420|gender2
8421|gender3
8423|gender3
8436|gender2
8446|gender3
8447|gender3
8456|gender2
8457|gender2
8458|gender3
8459|gender3
8460|gender3
8461|gender3
8462|gender3
8464|gender3
8466|gender2
8468|gender3
8469|gender3
8479|gender3
8480|gender2
8496|gender3
8501|gender3
8510|gender3
8518|gender3
8524|gender4
8525|gender3
8526|gender3
8531|gender3
8532|gender3
8533|gender3
8539|gender3
8561|gender2
8562|gender3
8563|gender3
8566|gender3
8567|gender3
8575|gender3
8586|gender3
8587|gender3
8595|gender3
8597|gender3
8598|gender3
8609|gender2
8615|gender3
8617|gender3
8626|gender2
8630|gender3
8634|gender2
8638|gender3
8643|gender3
8652|gender3
8657|gender3
8658|gender3
8659|gender3
8661|gender2
8663|gender3
8665|gender3
8673|gender2
8678|gender3
8679|gender3
8693|gender4
8694|gender4
8698|gender4
8699|gender3
8700|gender4
8702|gender2
8706|gender2
8708|gender2
8720|gender2
8732|gender3
8734|gender3
8743|gender3
8745|gender3
8747|gender3
8751|gender3
8758|gender3
8765|gender3
8767|gender3
8769|gender3
8776|gender3
8783|gender3
8793|gender3
8804|gender3
8807|gender3
8810|gender3
8813|gender3
8814|gender2
8817|gender3
8832|gender3
8834|gender3
8837|gender3
8838|gender3
8841|gender2
8842|gender3
8845|gender2
8849|gender3
8850|gender3
8870|gender3
8873|gender3
8881|gender3
8884|gender3
8888|gender3
8905|gender3
8908|gender3
8946|gender3
8947|gender3
8948|gender3
8949|gender3
8950|gender2
8957|gender3
8960|gender3
8962|gender3
8964|gender3
8974|gender3
8979|gender2
8989|gender3
8996|gender3
9000|gender2
9008|gender3
9011|gender3
9013|gender3
9026|gender3
9035|gender2
9036|gender3
9045|gender2
9050|gender3
9058|gender3
9061|gender2
9063|gender2
9067|gender3
9068|gender3
9073|gender3
9088|gender3
9093|gender2
9094|gender3
9100|gender3
9101|gender3
9103|gender3
9104|gender3
9105|gender1
9114|gender3
9115|gender3
9118|gender2
9119|gender3
9120|gender2
9127|gender3
9131|gender3
9132|gender3
9133|gender3
9140|gender3
9142|gender3
9145|gender3
9147|gender3
9148|gender3
9149|gender3
9151|gender3
9152|gender3
9153|gender3
9154|gender3
9155|gender3
9157|gender3
9158|gender3
9160|gender3
9162|gender3
9164|gender3
9166|gender3
9168|gender3
9169|gender2
9171|gender3
9172|gender4
9173|gender4
9178|gender2
9188|gender3
9204|gender2
9207|gender3
9208|gender3
9209|gender3
9211|gender2
9213|gender2
9221|gender3
9228|gender3
9230|gender3
9231|gender3
9232|gender1
9233|gender3
9234|gender3
9235|gender3
9237|gender3
9238|gender3
9240|gender4
9241|gender4
9243|gender3
9245|gender3
9246|gender3
9247|gender4
9248|gender3
9249|gender3
9250|gender3
9251|gender3
9252|gender3
9253|gender3
9254|gender3
9255|gender3
9256|gender3
9257|gender2
9258|gender3
9259|gender3
9260|gender2
9261|gender3
9262|gender3
9263|gender2
9265|gender3
9266|gender3
9267|gender3
9268|gender2
9269|gender3
9270|gender2
9271|gender2
9272|gender2
9273|gender2
9274|gender3
9275|gender3
9276|gender3
9277|gender2
9278|gender3
9279|gender2
9280|gender2
9281|gender3
9282|gender2
9283|gender3
9284|gender2
9285|gender3
9286|gender2
9287|gender3
9288|gender3
9289|gender2
9290|gender3
9292|gender3
9296|gender2
9297|gender3
9298|gender3
9299|gender3
9300|gender3
9303|gender2
9305|gender4
9306|gender4
9307|gender3
9308|gender3
9310|gender3
9314|gender3
9315|gender2
9316|gender4
9317|gender3
9319|gender3
9320|gender2
9322|gender2
9323|gender4
9326|gender3
9328|gender3
9330|gender3
9331|gender3
9332|gender3
9333|gender3
9334|gender2
9336|gender2
9342|gender3
9347|gender1
9348|gender4
9349|gender3
9350|gender3
9351|gender3
9353|gender4
9354|gender3
9358|gender4
9359|gender3
9360|gender3
9361|gender2
9362|gender3
9363|gender2
9366|gender3
9372|gender3
9373|gender3
9376|gender3
9377|gender3
9380|gender3
9381|gender3
9384|gender3
9388|gender2
9390|gender3
9391|gender3
9392|gender2
9394|gender2
9395|gender2
9397|gender3
9414|gender3
9415|gender3
9416|gender3
9420|gender3
9427|gender3
9429|gender2
9430|gender3
9435|gender3
9439|gender3
9447|gender3
9454|gender3
9475|gender3
9489|gender3
9492|gender3
9493|gender2
9494|gender3
9496|gender3
9509|gender3
9530|gender2
9535|gender3
9538|gender3
9541|gender3
9544|gender3
9550|gender3
9552|gender3
9556|gender3
9566|gender3
9577|gender3
9580|gender3
9582|gender3
9583|gender3
9585|gender3
9590|gender3
9591|gender3
9595|gender3
9596|gender4
9598|gender3
9603|gender3
9605|gender3
9607|gender3
9615|gender3
9622|gender2
9630|gender3
9632|gender3
9633|gender3
9635|gender3
9637|gender3
9646|gender3
9647|gender3
9649|gender3
9654|gender3
9657|gender3
9659|gender3
9665|gender3
9668|gender3
9672|gender3
9675|gender3
9690|gender3
9704|gender3
9706|gender3
9710|gender3
9713|gender3
9744|gender3
9745|gender3
9747|gender3
9761|gender3
9762|gender3
9782|gender3
9799|gender3
9803|gender2
9806|gender3
9814|gender3
9819|gender3
9823|gender3
9836|gender3
9837|gender3
9841|gender3
9844|gender3
9846|gender2
9854|gender3
9862|gender3
9877|gender3
9906|gender2
9912|gender3
9916|gender3
9918|gender3
9919|gender3
9920|gender3
9930|gender3
9949|gender1
9952|gender2
9953|gender2
9955|gender3
9961|gender3
9972|gender3
9974|gender3
9980|gender3
9984|gender2
10001|gender2
10006|gender3
10007|gender3
10012|gender3
10016|gender3
10021|gender3
10029|gender2
10057|gender2
10064|gender3
10077|gender3
10082|gender3
10091|gender3
10092|gender3
10094|gender3
10107|gender3
10110|gender3
10114|gender3
10123|gender2
10124|gender3
10133|gender3
10134|gender2
10135|gender3
10138|gender3
10140|gender3
10145|gender3
10161|gender3
10165|gender3
10168|gender3
10169|gender2
10173|gender3
10189|gender3
10193|gender2
10201|gender3
10204|gender2
10206|gender3
10209|gender3
10220|gender3
10223|gender3
10229|gender3
10231|gender3
10232|gender3
10242|gender3
10251|gender3
10273|gender3
10280|gender3
10282|gender3
10288|gender3
10291|gender3
10298|gender3
10300|gender3
10301|gender3
10308|gender2
10314|gender3
10317|gender2
10318|gender2
10320|gender3
10323|gender3
10335|gender3
10336|gender3
10344|gender3
10357|gender3
10367|gender3
10373|gender3
10377|gender3
10398|gender3
10401|gender3
10425|gender2
10436|gender3
10437|gender3
10442|gender3
10443|gender3
10449|gender3
10452|gender2
10453|gender3
10455|gender3
10458|gender3
10463|gender3
10464|gender3
10473|gender3
10476|gender2
10486|gender3
10487|gender3
10497|gender2
10518|gender3
10522|gender3
10527|gender3
10532|gender2
10536|gender3
10538|gender3
10540|gender2
10546|gender3
10548|gender3
10557|gender3
10559|gender2
10563|gender3
10576|gender2
10587|gender3
10594|gender3
10597|gender3
10600|gender3
10603|gender3
10618|gender3
10622|gender3
10631|gender3
10633|gender3
10634|gender3
10636|gender2
10657|gender2
10658|gender3
10660|gender3
10673|gender3
10681|gender3
10682|gender3
10692|gender3
10699|gender3
10704|gender3
10705|gender3
10715|gender3
10718|gender2
10720|gender3
10723|gender3
10727|gender3
10744|gender3
10749|gender3
10750|gender3
10751|gender3
10756|gender3
10766|gender3
10781|gender3
10790|gender3
10800|gender3
10802|gender3
10809|gender3
10817|gender3
10821|gender3
10851|gender3
10854|gender2
10858|gender3
10861|gender3
10866|gender3
10877|gender3
10878|gender4
10879|gender3
10882|gender2
10908|gender4
10914|gender3
10922|gender3
10932|gender3
10933|gender3
10936|gender3
10938|gender3
10946|gender3
10951|gender3
10960|gender2
10964|gender2
10966|gender3
10969|gender3
10970|gender3
10974|gender3
10975|gender3
10981|gender3
10988|gender3
10989|gender3
10994|gender3
11001|gender3
11006|gender3
11012|gender3
11013|gender3
11019|gender3
11023|gender3
11025|gender3
11027|gender3
11031|gender3
11047|gender3
11049|gender2
11070|gender2
11072|gender3
11073|gender3
11079|gender3
11080|gender3
11083|gender3
11090|gender3
11093|gender3
11094|gender2
11096|gender3
11103|gender3
11105|gender3
11107|gender3
11112|gender3
11115|gender3
11117|gender3
11120|gender3
11121|gender3
11122|gender2
11123|gender3
11125|gender3
11127|gender3
11134|gender3
11144|gender3
11147|gender2
11153|gender2
11157|gender2
11160|gender3
11179|gender3
11184|gender3
11187|gender3
11189|gender3
11197|gender3
11198|gender2
11202|gender3
11203|gender3
11209|gender3
11210|gender3
11211|gender3
11212|gender3
11215|gender3
11217|gender3
11218|gender3
11219|gender2
11220|gender3
11223|gender3
11226|gender3
11227|gender3
11249|gender3
11252|gender3
11253|gender3
11257|gender3
11260|gender3
11261|gender3
11262|gender3
11263|gender3
11266|gender3
11268|gender3
11274|gender3
11275|gender3
11279|gender3
11288|gender3
11293|gender3
11294|gender3
11304|gender3
11306|gender3
11313|gender3
11322|gender3
11326|gender3
11329|gender3
11331|gender3
11332|gender3
11333|gender3
11334|gender2
11339|gender2
11340|gender3
11341|gender2
11344|gender3
11346|gender2
11348|gender2
11350|gender3
11352|gender4
11363|gender3
11365|gender3
11367|gender3
11375|gender3
11376|gender3
11378|gender3
11381|gender3
11382|gender3
11384|gender4
11388|gender3
11389|gender3
11390|gender3
11394|gender2
11395|gender3
11396|gender2
11397|gender3
11398|gender4
11401|gender4
11403|gender3
11405|gender3
11406|gender3
11407|gender3
11408|gender2
11409|gender3
11410|gender3
11411|gender3
11416|gender3
11418|gender3
11419|gender2
11420|gender3
11421|gender3
11426|gender3
11427|gender3
11428|gender3
11429|gender3
11431|gender3
11432|gender3
11433|gender2
11438|gender3
11439|gender3
11442|gender4
11443|gender3
11445|gender3
11447|gender3
11448|gender3
11449|gender2
11450|gender3
11451|gender3
11452|gender2
11453|gender2
11454|gender2
11455|gender3
11461|gender2
11463|gender2
11464|gender2
11465|gender3
11466|gender3
11468|gender3
11472|gender3
11474|gender3
11481|gender2
11491|gender3
11500|gender3
11502|gender3
11509|gender3
11512|gender3
11513|gender3
11514|gender3
11518|gender3
11520|gender3
11522|gender3
11524|gender3
11525|gender2
11526|gender3
11529|gender3
11530|gender2
11537|gender3
11538|gender3
11544|gender2
11549|gender3
11556|gender3
11559|gender3
11560|gender3
11565|gender3
11582|gender3
11589|gender3
11591|gender3
11592|gender3
11594|gender3
11595|gender3
11598|gender3
11600|gender3
11603|gender3
11612|gender3
11619|gender3
11622|gender3
11625|gender3
11626|gender3
11627|gender3
11629|gender3
11631|gender2
11637|gender3
11638|gender3
11639|gender3
11640|gender3
11641|gender3
11643|gender3
11645|gender3
11649|gender3
11650|gender3
11651|gender3
11652|gender3
11654|gender3
11655|gender3
11658|gender3
11659|gender3
11660|gender3
11661|gender3
11663|gender3
11666|gender3
11678|gender3
11682|gender3
11685|gender3
11695|gender3
11698|gender3
11699|gender3
11700|gender3
11701|gender3
11705|gender2
11706|gender3
11707|gender3
11713|gender3
11714|gender3
11715|gender3
11716|gender3
11725|gender2
11729|gender3
11737|gender2
11740|gender3
11748|gender2
11751|gender3
11754|gender3
11757|gender3
11761|gender3
11766|gender3
11768|gender3
11770|gender3
11771|gender3
11772|gender3
11775|gender3
11780|gender2
11786|gender3
11787|gender3
11788|gender3
11789|gender3
11790|gender3
11792|gender3
11800|gender3
11803|gender3
11807|gender4
11811|gender3
11820|gender3
11821|gender3
11824|gender3
11825|gender3
11826|gender3
11827|gender3
11831|gender3
11834|gender3
11836|gender3
11839|gender3
11840|gender3
11846|gender3
11850|gender3
11851|gender3
11864|gender2
11871|gender3
11881|gender3
11882|gender3
11884|gender3
11901|gender3
11906|gender3
11908|gender3
11911|gender2
11912|gender3
11913|gender3
11914|gender3
11922|gender3
11929|gender3
11934|gender3
11935|gender3
11937|gender2
11939|gender3
11945|gender3
11948|gender3
11951|gender2
11952|gender3
11956|gender3
11957|gender3
11964|gender3
11975|gender2
11976|gender3
11978|gender3
11980|gender3
11981|gender3
11982|gender2
11983|gender3
11987|gender3
11988|gender3
11991|gender3
11993|gender3
12000|gender3
12001|gender3
12006|gender3
12009|gender3
12015|gender3
12018|gender3
12019|gender2
12024|gender3
12026|gender2
12039|gender3
12042|gender3
12048|gender3
12051|gender3
12054|gender3
12062|gender3
12064|gender3
12068|gender3
12070|gender3
12077|gender3
12079|gender3
12082|gender3
12085|gender4
12097|gender3
12100|gender3
12101|gender3
12102|gender3
12103|gender2
12113|gender3
12119|gender3
12121|gender3
12122|gender3
12130|gender3
12137|gender3
12140|gender3
12141|gender3
12144|gender3
12147|gender4
12150|gender3
12151|gender3
12158|gender3
12161|gender3
12170|gender3
12171|gender3
12174|gender3
12175|gender3
12176|gender3
12177|gender3
12186|gender3
12199|gender3
12200|gender3
12203|gender3
12220|gender3
12222|gender3
12223|gender3
12225|gender3
12226|gender3
12227|gender3
12235|gender3
12254|gender3
12259|gender3
12263|gender3
12264|gender3
12271|gender3
12276|gender3
12281|gender3
12285|gender3
12286|gender3
12288|gender3
12289|gender3
12295|gender2
12303|gender3
12304|gender3
12306|gender3
12316|gender3
12318|gender3
12319|gender3
12320|gender3
12321|gender3
12323|gender3
12325|gender2
12326|gender3
12328|gender3
12329|gender3
12336|gender3
12337|gender3
12341|gender3
12345|gender3
12351|gender3
12354|gender3
12355|gender3
12356|gender3
12361|gender3
12363|gender3
12367|gender3
12371|gender3
12372|gender2
12380|gender2
12381|gender3
12383|gender3
12391|gender3
12394|gender2
12397|gender3
12398|gender3
12400|gender3
12401|gender3
12402|gender3
12404|gender3
12405|gender3
12406|gender3
12407|gender4
12411|gender3
12418|gender3
12419|gender3
12423|gender3
12424|gender3
12428|gender3
12431|gender3
12434|gender3
12437|gender3
12448|gender3
12451|gender3
12452|gender3
12456|gender3
12458|gender3
12462|gender3
12465|gender3
12470|gender3
12474|gender3
12480|gender3
12481|gender3
12482|gender3
12488|gender3
12490|gender3
12491|gender3
12493|gender3
12495|gender3
12496|gender3
12515|gender3
12516|gender3
12526|gender3
12533|gender3
12534|gender3
12536|gender3
12537|gender3
12544|gender3
12553|gender3
12554|gender3
12555|gender3
12575|gender3
12580|gender3
12585|gender4
12586|gender3
12587|gender3
12590|gender4
12594|gender3
12600|gender3
12601|gender2
12603|gender2
12606|gender3
12610|gender3
12615|gender3
12616|gender3
12619|gender3
12624|gender3
12629|gender3
12630|gender3
12633|gender3
12635|gender3
12637|gender3
12638|gender3
12640|gender3
12643|gender3
12644|gender3
12652|gender2
12654|gender3
12655|gender2
12665|gender3
12666|gender3
12667|gender2
12669|gender3
12671|gender3
12675|gender3
12684|gender3
12700|gender3
12701|gender3
12706|gender3
12708|gender3
12711|gender3
12714|gender3
12733|gender3
12739|gender3
12742|gender3
12745|gender3
12751|gender3
12757|gender3
12759|gender3
12762|gender3
12766|gender4
12771|gender3
12772|gender3
12789|gender3
12790|gender3
12792|gender3
12795|gender3
12800|gender3
12802|gender2
12805|gender3
12806|gender3
12809|gender3
12811|gender2
12813|gender3
12819|gender3
12820|gender3
12825|gender3
12837|gender3
12844|gender3
12847|gender3
12850|gender3
12857|gender3
12874|gender3
12899|gender3
12904|gender2
12907|gender3
12910|gender3
12911|gender3
12914|gender3
12918|gender3
12919|gender3
12925|gender3
12927|gender3
12944|gender3
12945|gender3
12953|gender3
12964|gender3
12967|gender3
12972|gender3
12977|gender3
12981|gender2
13002|gender3
13003|gender3
13011|gender3
13012|gender3
13014|gender3
13015|gender2
13019|gender3
13024|gender3
13026|gender3
13029|gender3
13034|gender3
13035|gender3
13036|gender3
13060|gender3
13073|gender2
13075|gender3
13084|gender3
13090|gender3
13092|gender3
13099|gender2
13103|gender4
13110|gender3
13117|gender3
13124|gender2
13128|gender3
13130|gender3
13143|gender3
13144|gender3
13145|gender3
13168|gender4
13180|gender3
13193|gender3
13210|gender3
13221|gender3
13222|gender3
13230|gender3
13235|gender3
13244|gender3
13246|gender3
13285|gender3
13287|gender3
13289|gender3
13295|gender2
13300|gender3
13306|gender2
13308|gender3
13320|gender3
13322|gender3
13328|gender3
13330|gender2
13333|gender3
13334|gender3
13347|gender2
13351|gender3
13358|gender3
13363|gender3
13365|gender3
13371|gender3
13373|gender3
13379|gender3
13402|gender3
13409|gender3
13411|gender3
13425|gender1
13430|gender2
13449|gender2
13451|gender2
13452|gender2
13465|gender3
13468|gender3
13473|gender3
13474|gender3
13475|gender4
13476|gender2
13477|gender3
13489|gender3
13500|gender3
13507|gender3
13514|gender3
13520|gender3
13523|gender2
13526|gender3
13529|gender3
13533|gender3
13540|gender3
13549|gender3
13565|gender3
13584|gender3
13595|gender3
13605|gender3
13610|gender4
13614|gender2
13617|gender3
13618|gender3
13619|gender3
13624|gender3
13630|gender3
13634|gender3
13640|gender3
13648|gender3
13649|gender2
13653|gender3
13659|gender3
13661|gender3
13672|gender3
13686|gender3
13693|gender2
13699|gender3
13703|gender3
13719|gender3
13726|gender2
13735|gender3
13742|gender3
13749|gender3
13768|gender3
13795|gender3
13812|gender3
13824|gender3
13834|gender3
13835|gender3
13851|gender3
13873|gender3
13874|gender2
13879|gender3
13887|gender2
13888|gender3
13898|gender3
13899|gender3
13904|gender3
13909|gender3
13913|gender2
13917|gender3
13919|gender3
13921|gender3
13925|gender3
13940|gender3
13943|gender3
13952|gender3
13964|gender3
13968|gender3
13970|gender3
13972|gender3
13973|gender3
13976|gender3
13982|gender3
13984|gender2
13989|gender2
13997|gender3
14005|gender3
14018|gender2
14019|gender3
14023|gender3
14029|gender3
14032|gender3
14049|gender3
14061|gender3
14072|gender2
14075|gender3
14076|gender3
14080|gender4
14090|gender3
14094|gender3
14096|gender3
14097|gender3
14109|gender3
14154|gender2
14167|gender3
14169|gender3
14171|gender3
14178|gender3
14182|gender3
14185|gender3
14193|gender3
14196|gender3
14213|gender3
14216|gender2
14219|gender3
14223|gender3
14232|gender3
14235|gender3
14240|gender3
14242|gender3
14248|gender3
14251|gender3
14282|gender3
14283|gender3
14284|gender3
14285|gender3
14308|gender3
14326|gender3
14327|gender3
14337|gender2
14340|gender3
14364|gender2
14365|gender2
14373|gender3
14374|gender2
14385|gender3
14401|gender3
14410|gender3
14411|gender3
14414|gender3
14421|gender3
14423|gender3
14460|gender3
14465|gender3
14471|gender3
14479|gender3
14486|gender3
14487|gender3
14491|gender3
14494|gender3
14503|gender3
14514|gender3
14522|gender2
14535|gender3
14539|gender4
14559|gender3
14566|gender2
14606|gender2
14619|gender3
14626|gender3
14627|gender3
14631|gender3
14636|gender3
14638|gender2
14643|gender3
14647|gender3
14648|gender3
14655|gender3
14667|gender3
14673|gender2
14674|gender2
14676|gender3
14677|gender3
14679|gender2
14680|gender2
14681|gender3
14685|gender3
14706|gender3
14707|gender2
14733|gender3
14740|gender3
14742|gender3
14744|gender3
14746|gender3
14768|gender3
14785|gender3
14798|gender3
14799|gender3
14807|gender3
14809|gender2
14812|gender3
14836|gender3
14847|gender3
14858|gender3
14860|gender3
14865|gender3
14868|gender3
14897|gender3
14928|gender3
14937|gender3
14967|gender3
14988|gender3
14992|gender2
14998|gender3
14999|gender3
15000|gender3
15001|gender3
15005|gender3
15013|gender2
15016|gender3
15018|gender3
15019|gender3
15025|gender2
15040|gender3
15042|gender3
15044|gender3
15054|gender3
15061|gender3
15062|gender3
15064|gender2
15068|gender3
15072|gender3
15080|gender4
15093|gender3
15096|gender2
15102|gender3
15110|gender2
15127|gender3
15139|gender3
15160|gender4
15165|gender3
15172|gender3
15181|gender3
15197|gender2
15198|gender3
15199|gender2
15201|gender3
15248|gender3
15255|gender3
15283|gender2
15304|gender3
15308|gender3
15313|gender3
15318|gender3
15321|gender3
15324|gender3
15326|gender3
15332|gender3
15336|gender3
15340|gender3
15345|gender3
15348|gender3
15350|gender2
15355|gender3
15357|gender3
15361|gender3
15362|gender3
15369|gender3
15372|gender3
15376|gender3
15378|gender3
15385|gender3
15392|gender3
15399|gender3
15419|gender3
15423|gender3
15428|gender3
15437|gender3
15438|gender3
15452|gender3
15454|gender2
15455|gender3
15460|gender3
15463|gender3
15466|gender3
15472|gender3
15473|gender3
15476|gender3
15480|gender3
15485|gender3
15486|gender4
15500|gender3
15503|gender2
15510|gender3
15511|gender3
15531|gender3
15544|gender3
15558|gender3
15566|gender3
15568|gender3
15572|gender3
15607|gender3
15611|gender3
15614|gender2
15625|gender3
15631|gender2
15634|gender3
15675|gender2
15677|gender2
15682|gender3
15683|gender3
15696|gender3
15720|gender3
15731|gender3
15732|gender3
15746|gender3
15761|gender3
15765|gender3
15773|gender3
15792|gender3
15793|gender3
15807|gender3
15814|gender3
15815|gender3
15817|gender4
15818|gender4
15820|gender3
15821|gender3
15824|gender3
15828|gender3
15829|gender3
15832|gender3
15842|gender3
15846|gender2
15853|gender3
15857|gender3
15874|gender2
15876|gender3
15888|gender3
15920|gender3
15936|gender3
15937|gender3
15941|gender3
15945|gender3
15948|gender3
15955|gender2
15956|gender2
15972|gender2
15984|gender2
15990|gender3
15991|gender3
15996|gender3
16012|gender3
16019|gender3
16024|gender3
16033|gender3
16036|gender2
16046|gender3
16059|gender3
16068|gender3
16071|gender3
16074|gender3
16075|gender3
16092|gender3
16096|gender3
16099|gender3
16105|gender2
16109|gender2
16121|gender2
16131|gender3
16134|gender3
16145|gender3
16154|gender3
16174|gender3
16180|gender3
16209|gender3
16212|gender3
16213|gender2
16222|gender3
16223|gender4
16224|gender3
16226|gender3
16227|gender2
16231|gender3
16239|gender3
16251|gender3
16256|gender2
16272|gender3
25008|gender3
25494|gender3
25503|gender3
25506|gender2
25516|gender3
25634|gender3
25635|gender2
25642|gender3
25646|gender3
25647|gender2
25659|gender3
25663|gender3
25664|gender3
25686|gender3
25701|gender3
25702|gender3
25707|gender3
25709|gender2
25712|gender3
25713|gender3
25715|gender3
25726|gender3
25732|gender3
25741|gender3
25743|gender3
25752|gender3
25756|gender3
25769|gender3
25773|gender3
25777|gender3
25791|gender1
25807|gender3
25809|gender3
25813|gender3
25820|gender3
25827|gender3
25841|gender3
25844|gender2
25846|gender3
25847|gender3
25850|gender3
25862|gender3
25900|gender3
25905|gender3
25919|gender3
25933|gender3
25944|gender3
25954|gender3
25958|gender3
25975|gender3
25984|gender3
26021|gender3
26041|gender2
26045|gender3
26059|gender3
26068|gender3
26073|gender3
26074|gender3
26075|gender3
26084|gender3
26086|gender3
26087|gender3
26092|gender3
26102|gender3
26160|gender2
26161|gender3
26164|gender3
26171|gender3
26172|gender3
26173|gender3
26174|gender3
26176|gender3
26178|gender3
26186|gender3
26208|gender3
26209|gender3
26219|gender3
26221|gender3
26226|gender3
26237|gender2
26240|gender3
26251|gender3
26256|gender3
26265|gender3
26268|gender3
26284|gender3
26286|gender3
26287|gender3
26288|gender2
26289|gender2
26326|gender3
26336|gender3
26337|gender3
26344|gender4
26352|gender3
26354|gender4
26373|gender2
26377|gender2
26384|gender3
26403|gender2
26407|gender3
26421|gender3
26424|gender3
26426|gender3
26428|gender3
26431|gender3
26440|gender3
26451|gender3
26452|gender3
26463|gender3
26476|gender3
26477|gender3
26479|gender3
26486|gender3
26488|gender3
26495|gender3
26498|gender3
26499|gender3
26513|gender3
26516|gender3
26621|gender3
26635|gender3
26637|gender3
26658|gender3
26663|gender3
26680|gender3
26682|gender2
26686|gender3
26691|gender3
26696|gender3
26699|gender3
26705|gender3
26706|gender3
26707|gender3
26717|gender3
26718|gender3
26722|gender2
26729|gender3
26730|gender3
26732|gender3
26745|gender3
26749|gender2
26751|gender3
26759|gender3
26762|gender3
26763|gender3
26765|gender3
26768|gender3
26769|gender3
26787|gender3
26789|gender4
26801|gender3
26806|gender3
26808|gender3
26809|gender3
26811|gender2
26816|gender2
26837|gender3
26838|gender3
26844|gender3
26845|gender3
26863|gender4
26895|gender2
26898|gender3
26903|gender3
26922|gender3
26954|gender2
26957|gender3
26959|gender3
26968|gender3
26983|gender3
26991|gender3
26992|gender3
27002|gender3
27008|gender2
27015|gender3
27026|gender3
27038|gender3
27039|gender2
27044|gender3
27048|gender2
27050|gender3
27054|gender3
27058|gender3
27066|gender3
27071|gender3
27079|gender3
27082|gender3
27104|gender3
27108|gender2
27116|gender3
27123|gender3
27125|gender3
27136|gender3
27142|gender3
27152|gender4
27160|gender3
27171|gender2
27179|gender3
27183|gender3
27189|gender3
27193|gender3
27212|gender3
27219|gender3
27239|gender3
27247|gender3
27249|gender3
27265|gender3
27271|gender3
27272|gender3
27289|gender3
27291|gender3
27296|gender4
27310|gender3
27311|gender4
27321|gender3
27333|gender3
27349|gender3
27356|gender3
27362|gender3
27373|gender3
27375|gender3
27380|gender3
27386|gender3
27399|gender3
27408|gender2
27413|gender2
27443|gender3
27461|gender2
27464|gender2
27465|gender3
27466|gender3
27467|gender3
27483|gender3
27489|gender3
27490|gender3
27491|gender3
27494|gender3
27499|gender3
27502|gender3
27504|gender2
27512|gender3
27528|gender3
27536|gender3
27558|gender2
27568|gender3
27572|gender3
27597|gender3
27620|gender3
27621|gender3
27639|gender3
27655|gender2
27656|gender3
27671|gender3
27676|gender2
27688|gender3
27693|gender2
27695|gender3
27700|gender3
27708|gender3
27710|gender3
27714|gender3
27723|gender2
27725|gender3
27726|gender3
27738|gender2
27752|gender3
27753|gender3
27769|gender3
27789|gender2
27800|gender3
27803|gender3
27804|gender3
27834|gender3
27839|gender3
27847|gender3
27849|gender3
27861|gender3
27867|gender3
27892|gender3
30114|gender3
30324|gender3
30329|gender2
30348|gender3
30389|gender3
30390|gender3
30394|gender3
30658|gender3
30660|gender3
30671|gender2
30682|unknown
30685|gender3
30698|gender3
30720|gender3
30729|gender3
30735|gender3
30799|gender2
30881|gender4
30884|gender2
30889|gender1
30890|gender2
30902|gender3
30905|gender3
30906|gender2
31007|gender3
31008|gender3
31291|gender3
31294|gender3
31332|gender3
31339|gender3
31347|gender3
31350|gender3
31632|gender2
31633|gender3
31638|gender2
31644|gender3
31645|gender3
31660|gender3
31661|gender3
31671|gender3
31672|gender3
31686|gender3
31691|gender3
31692|gender2
31694|gender4
31695|gender3
31698|gender3
31705|gender3
32078|gender3
32085|gender3
32097|gender3
32122|gender3
32137|gender3
32208|gender2
32366|gender3
32413|gender3
32418|gender3
32425|gender3
32430|gender3
32436|gender3
32441|gender3
32467|gender3
32483|gender3
37318|gender3
37320|gender3
37335|gender3
37338|gender3
37612|gender3
37622|gender3
37624|gender3
37631|gender3
37632|gender3
37634|gender3
37649|gender3
37664|gender3
37681|gender3
37693|gender3
37697|gender3
37760|gender3
37774|gender3
37776|gender3
37777|gender2
37896|gender3
37897|gender2
37898|gender3
37899|gender2
37900|gender3
37901|gender2
37903|gender4
37904|gender3
37905|gender3
37909|gender3
37910|gender4
37911|gender3
37913|gender3
37917|gender3
37918|gender2
37920|gender2
37921|gender2
37922|gender3
37923|gender2
38828|gender3
38895|gender1
38901|gender3
38917|gender3
38919|gender2
38920|gender3
38922|gender2
38924|gender2
38925|gender3
38930|gender3
39558|gender2
39829|gender3
40286|gender3
40433|gender2
40529|gender2
40534|gender3
40634|gender3
40851|gender3
40865|gender3
40866|gender3
40946|gender3
41418|gender4
41476|gender2
41881|gender3
42002|gender3
42022|gender3
42599|gender3
42609|gender3
42767|gender2
43057|gender3
43487|gender4
43503|gender3
43695|gender4
43696|gender3
43698|gender2
43700|gender2
43701|gender4
43702|gender3
43705|gender2
43881|gender3
44018|gender3
44160|gender3
44586|gender3
44632|gender4
44703|gender3
44706|gender4
44716|gender2
44895|gender3
44962|gender4
44966|gender3
44969|gender3
44970|gender3
44972|gender3
44974|gender2
45024|gender3
45025|gender3
45026|gender3
45027|gender3
45028|gender3
45032|gender3
45040|gender3
45042|gender3
45154|gender4
45190|gender3
45366|gender1
45457|gender3
45507|gender3
45548|gender2
45556|gender3
45557|gender3
45558|gender2
45559|gender2
45560|gender3
45561|gender3
45820|gender3
45825|gender2
45899|gender4
45900|gender3
45958|gender4
46026|gender3
46063|gender4
46067|gender3
46068|gender3
46069|gender3
46070|gender3
46123|gender3
46328|gender3
46329|gender2
46330|gender3
46476|gender4
46624|gender3
46647|gender3
46649|gender3
46651|gender3
47787|gender4
47790|gender2
47823|gender3
47824|gender3
47829|gender3
47831|gender3
47832|gender3
47833|gender2
47834|gender3
47835|gender3
47836|gender3
47837|gender3
47838|gender2
47839|gender3
47908|gender2
47914|gender3
47916|gender3
47918|gender2
47920|gender3
47921|gender2
47923|gender3
47925|gender3
47926|gender3
47929|gender3
47930|gender3
47932|gender3
47933|gender3
47936|gender3
47937|gender3
47938|gender3
47939|gender2
47940|gender3
47941|gender3
47942|gender3
47944|gender3
47947|gender3
47949|gender3
47956|gender3
47967|gender3
47968|gender3
47971|gender3
47975|gender3
47977|gender3
47978|gender3
47982|gender3
47985|gender3
47986|gender3
47987|gender3
47988|gender3
47990|gender2
47991|gender3
47994|gender3
47995|gender3
48010|gender2
48027|gender4
48054|gender3
48055|gender3
48074|gender3
48090|gender3
48109|gender3
48122|gender3
48149|gender3
48166|gender3
48171|gender3
48225|gender3
48230|gender3
48238|gender3
48272|gender3
48274|gender2
48283|gender2
48286|gender2
48299|gender3
48310|gender3
48327|gender3
48337|gender3
48347|gender3
48358|gender1
48363|gender3
48365|gender3
48373|gender3
48391|gender3
48401|gender4
48411|gender1
48413|gender2
48434|gender3
48436|gender3
48439|gender3
48440|gender3
48441|gender3
48444|gender3
48475|gender3
48476|gender3
48545|gender3
48594|gender3
48600|gender4
48617|gender3
48631|gender2
48634|gender4
48659|gender3
48673|gender3
48675|gender2
48676|gender3
48687|gender3
48705|gender3
48718|gender3
48724|gender3
48747|gender3
48750|gender3
48754|gender3
48755|gender3
48756|gender3
48767|gender3
48770|gender3
48797|gender3
48804|gender3
48910|gender3
48985|gender3
49033|gender2
49042|gender3
49049|gender4
49095|gender3
49147|gender3
49149|gender2
49170|gender3
49171|gender3
49179|gender3
49184|gender3
49206|gender2
49236|gender3
49241|gender3
49245|gender3
49272|gender3
49273|gender2
49276|gender3
49288|gender3
49325|gender3
49337|gender3
49387|gender3
49393|gender3
49394|gender3
49403|gender3
49414|gender3
49415|gender3
49423|gender3
49429|gender3
49437|gender3
49483|gender3
49485|gender3
49495|gender3
49529|gender3
49536|gender3
49548|gender2
49553|gender3
49561|gender3
49601|gender3
49605|gender3
49623|gender3
49631|gender3
49694|gender3
49729|gender3
49739|gender3
49740|gender3
49748|gender3
49759|gender3
49770|gender3
49791|gender2
49802|gender3
49812|gender3
49813|gender2
49857|gender3
49873|gender4
49878|gender2
49887|gender3
49890|gender3
49908|gender3
49926|gender2
49932|gender3
49954|gender2
49989|gender3
50007|gender3
50012|gender3
50016|gender2
50052|gender3
50053|gender3
50072|gender3
50109|gender3
50196|gender3
50219|gender3
50224|gender3
50233|gender3
50238|gender3
50256|gender3
50265|gender3
50288|gender3
50290|gender3
50295|gender3
50297|gender3
50381|gender3
50393|gender3
50412|gender2
50416|gender3
50426|gender2
50427|gender3
50432|gender3
50439|gender3
50446|gender3
50477|gender3
50554|gender3
50562|gender3
50570|gender3
50572|gender3
50619|gender3
50643|gender3
50706|gender3
50714|gender3
50733|gender3
50759|gender3
50771|gender2
50833|gender3
50843|gender2
50856|gender3
50896|gender3
50906|gender3
50915|gender3
50930|gender2
50944|gender3
50950|gender3
50985|gender3
50995|gender3
51061|gender3
51063|gender3
51070|gender2
51076|gender3
51108|gender3
51117|gender3
51148|gender3
51170|gender3
51172|gender3
51189|gender3
51210|gender4
51221|gender2
51227|gender3
51239|gender3
51249|gender3
51256|gender3
51289|gender3
51336|gender2
51338|gender2
51339|gender3
51341|gender3
51362|gender3
51363|gender3
51420|gender3
51441|gender3
51467|gender1
51475|gender3
51510|gender3
51519|gender3
51524|gender3
51530|gender2
51551|gender3
51595|gender3
51596|gender2
51751|gender3
51781|gender2
51793|gender3
51806|gender3
51837|gender3
51880|gender3
51924|gender2
51949|gender3
51950|gender3
51952|gender3
51953|gender3
51954|gender3
51956|gender3
51957|gender3
51960|gender3
51963|gender3
51965|gender3
51968|gender3
51970|gender3
51989|gender3
51990|gender3
51991|gender3
51992|gender3
51993|gender3
51994|gender2
51995|gender3
51996|gender3
51997|gender3
51998|gender3
51999|gender3
52000|gender3
52002|gender3
52005|gender3
52007|gender3
52015|gender3
52017|gender3
52018|gender3
52019|gender3
52022|gender3
52024|gender2
52029|gender3
52032|gender3
52033|gender3
52038|gender3
52042|gender3
52048|gender2
52050|gender3
52051|gender2
52053|gender3
52054|gender2
52057|gender2
52058|gender2
52060|gender3
52064|gender3
52065|gender3
52067|gender2
52068|gender3
52069|gender3
52074|gender3
52077|gender3
52084|gender3
52086|gender3
52087|gender3
52100|gender3
52102|gender3
52103|gender3
52104|gender3
52105|gender3
52107|gender2
52108|gender3
52109|gender3
52113|gender3
52116|gender3
52121|gender3
52124|gender4
52134|gender2
52135|gender2
52136|gender3
52138|gender3
52141|gender3
52143|gender3
52144|gender3
52145|gender3
52149|gender3
52151|gender3
52158|gender3
52159|gender3
52163|gender3
52178|gender3
52186|gender3
52187|gender3
52188|gender3
52189|gender3
52190|gender4
52207|gender2
52210|gender3
52218|gender3
52224|gender3
52228|gender2
52236|gender3
52237|gender3
52240|gender3
52241|gender3
52242|gender3
52244|gender3
52246|gender3
52247|gender3
52249|gender3
52254|gender3
52258|gender2
52261|gender2
52269|gender3
52277|gender3
52279|gender3
52298|gender3
52305|gender3
52315|gender3
52318|gender3
52319|gender3
52320|gender3
52321|gender3
52323|gender3
52324|gender3
52326|gender3
52328|gender3
52334|gender3
52337|gender3
52338|gender3
52339|gender3
52340|gender3
52343|gender2
52347|gender3
52351|gender3
52354|gender3
52360|gender2
52361|gender3
52364|gender2
52365|gender3
52373|gender3
52374|gender3
52376|gender2
52377|gender2
52382|gender3
52388|gender3
52389|gender3
52391|gender3
52393|gender3
52402|gender3
52406|gender3
52414|gender3
52468|gender3
52471|gender2
52474|gender3
52500|gender3
52601|gender4
52645|gender3
52779|gender3
52786|gender3
52793|gender3
52814|gender3
52875|gender3
52884|gender2
52885|gender3
52896|gender3
52909|gender3
52922|gender2
52966|gender3
52972|gender2
52976|gender3
53006|gender2
53007|gender3
53042|gender4
53061|gender3
53217|gender3
53228|gender3
53282|gender3
53285|gender2
53427|gender3
53441|gender2
53449|gender3
53469|gender2
53576|gender3
53577|gender3
53578|gender3
53579|gender3
53580|gender3
53582|gender3
53583|gender3
53604|gender3
53612|gender3
53664|gender3
53665|gender3
53667|gender2
53677|gender3
53744|gender3
53916|gender2
53942|gender2
53989|gender3
53991|gender3
53993|gender3
53994|gender2
54064|gender2
54065|gender3
54067|gender3
54125|gender3
54230|gender2
54231|gender3
54232|gender2
54236|gender3
54248|gender3
54283|gender3
54350|gender3
54366|gender2
54374|gender2
54389|gender3
54392|gender3
54459|gender2
54470|gender3
54627|gender3
54638|gender3
54672|gender1
54721|gender3
54733|gender3
54799|gender2
54810|gender3
55068|gender3
55246|gender2
55277|gender3
55299|gender3
55318|gender3
55393|gender3
55395|gender2
55432|gender3
55449|gender3
55487|gender3
55541|gender3
55550|gender3
55579|gender2
55580|gender3
55602|gender2
55676|gender3
55706|gender3
55707|gender3
55746|gender2
55788|gender3
55911|gender3
56081|gender4
56152|gender3
56161|gender3
56203|gender3
